2018-08-07|西北物资商贸有限责任公司与内蒙古三信实业有限公司买卖合同纠纷执行裁定书|买卖合同纠纷|申请执行人-商贸有限公司被执行人-内蒙古三信实业有限公司|（2018）内0902执189号|https://www.tianyancha.com/lawsuit/27fc2083bd6d11e8a8b47cd30ae00894
2017-09-06|江苏苏净集团有限公司与内蒙古三信实业有限公司承揽合同纠纷执行裁定书|承揽合同纠纷|申请执行人-江苏苏净集团有限公司被执行人-内蒙古三信实业有限公司|（2017）苏0591执497号之三|https://www.tianyancha.com/lawsuit/e170090a969311e788a5008cfaf8725a
2016-07-27|保定市聚龙装饰实业有限公司与内蒙古三信实业有限公司装饰装修合同纠纷执行裁定书|装饰装修合同纠纷|申请执行人-保定市聚龙装饰实业有限公司被执行人-内蒙古三信实业有限公司|（2016）内0902执83号|https://www.tianyancha.com/lawsuit/1ff7c544aedf4d7eaeba2c1b2755a098
2016-07-27|内蒙古福华建筑安装工程有限公司与内蒙古三信实业有限公司建设工程施工合同执行裁定书|-|申请执行人-内蒙古福华建筑安装工程有限公司被执行人-内蒙古三信实业有限公司|（2016）内0902执82号|https://www.tianyancha.com/lawsuit/bbfecd9459844ff0bed7422050ae90ac
2016-07-27|宋连奎与内蒙古三信实业有限公司建设工程施工合同执行裁定书|-|被执行人-内蒙古三信实业有限公司|（2016）内0902执84号|https://www.tianyancha.com/lawsuit/a7a454fcf48c46629faba4023e0f708d
2015-06-19|山东润峰电子科技有限公司与内蒙古三信实业有限公司申请确认仲裁协议效力一审民事裁定书|申请确认仲裁协议效力|申请人-山东润峰电子科技有限公司被申请人-内蒙古三信实业有限公司|2014年二中民特字第05737号|https://www.tianyancha.com/lawsuit/2df8ee08b24f4b3fa08bb651dca015cd
2015-06-08|江苏苏净集团有限公司与内蒙古三信实业有限公司承揽合同纠纷一审民事判决书|承揽合同纠纷|原告-江苏苏净集团有限公司被告-内蒙古三信实业有限公司|（2014）园商初字第01543号|https://www.tianyancha.com/lawsuit/4e99c01a1cbc11e6b554008cfae40dc0
2015-06-08|江苏苏净集团有限公司与内蒙古三信实业有限公司承揽合同纠纷一审民事判决书|承揽合同纠纷|原告-江苏苏净集团有限公司被告-内蒙古三信实业有限公司|（2014）园商初字第01544号|https://www.tianyancha.com/lawsuit/4e9a4f141cbc11e6b554008cfae40dc0
2015-03-09|张家口全明建筑装潢工程有限公司与内蒙古三信实业有限公司建设工程施工合同执行裁定书|-|申请执行人-装潢工程有限公司被执行人-内蒙古三信实业有限公司|（2014）集法执字第175号|https://www.tianyancha.com/lawsuit/e6aa486c1cb911e6b554008cfae40dc0
2014-11-25|山东润峰电子科技有限公司与内蒙古三信实业有限公司建设工程合同纠纷二审民事判决书|建设工程合同纠纷|上诉人-山东润峰电子科技有限公司被上诉人-内蒙古三信实业有限公司|（2014）乌民终字第460号|https://www.tianyancha.com/lawsuit/a53439c41cbc11e6b554008cfae40dc0
2014-06-13|山东润峰电子科技有限公司与内蒙古三信实业有限公司申请确认仲裁协议效力一审民事裁定书|申请确认仲裁协议效力|申请人-山东润峰电子科技有限公司被申请人-内蒙古三信实业有限公司|（2014）二中民特字第5737号|https://www.tianyancha.com/lawsuit/f48d49831cb511e6b554008cfae40dc0
2014-05-26|山东润峰电子科技有限公司与内蒙古三信实业有限公司建设工程合同纠纷一案二审民事裁定书|建设工程合同纠纷|上诉人-山东润峰电子科技有限公司被上诉人-内蒙古三信实业有限公司|（2014）乌民终字第314号|https://www.tianyancha.com/lawsuit/2b5b500e1cba11e6b554008cfae40dc0
2014-04-09|保定市聚龙装饰实业有限公司与内蒙古三信实业有限公司装饰装修合同纠纷一审民事判决书|装饰装修合同纠纷|原告-保定市聚龙装饰实业有限公司被告-内蒙古三信实业有限公司|（2014）集民初字第134号|https://www.tianyancha.com/lawsuit/e6abbb741cb911e6b554008cfae40dc0
2014-03-18|内蒙古福华建筑安装工程有限公司与内蒙古三信实业有限公司建设工程施工合同纠纷一审民事判决书|建设工程施工合同纠纷|原告-内蒙古福华建筑安装工程有限公司被告-内蒙古三信实业有限公司|集民初字第996号|https://www.tianyancha.com/lawsuit/a5eb62fe1cba11e6b554008cfae40dc0